{
    "vertices": [-1,0,1,0.024423,0,1,-1,-0,-4.5233,0.024423,-0,-4.5233,-1,0,2,0.024423,0,2,11.0244,0,1,11.0244,0,2,12.0244,0,1,12.0244,0,2,11.0244,-0,-7,12.0244,-0,-7,11.0244,-0,-8,12.0244,-0,-8,0.024423,-0,-7,0.024423,-0,-8,-0.975577,-0,-7,-0.975577,-0,-8,-1,0,1,0.024423,0,1,-1,-0,-4.5233,0.024423,-0,-4.5233,-1,0,2,0.024423,0,2,11.0244,0,1,11.0244,0,2,12.0244,0,1,12.0244,0,2,11.0244,-0,-7,12.0244,-0,-7,11.0244,-0,-8,12.0244,-0,-8,0.024423,-0,-7,0.024423,-0,-8,-0.975577,-0,-7,-0.975577,-0,-8,-1,3,1,0.024423,3,1,-1,3,-4.5233,0.024423,3,-4.5233,-1,3,2,0.024423,3,2,11.0244,3,1,11.0244,3,2,12.0244,3,1,12.0244,3,2,11.0244,3,-7,12.0244,3,-7,11.0244,3,-8,12.0244,3,-8,0.024423,3,-7,0.024423,3,-8,-0.975577,3,-7,-0.975577,3,-8],
    "materials": [{
        "opacity": 0.13,
        "shading": "phong",
        "DbgColor": 15658734,
        "DbgIndex": 0,
        "colorAmbient": [0.64,0.042876,0.390642],
        "specularCoef": 50,
        "blending": "NormalBlending",
        "colorEmissive": [0,0,0],
        "depthTest": true,
        "transparent": true,
        "colorSpecular": [0.5,0.5,0.5],
        "visible": true,
        "colorDiffuse": [0.64,0.042876,0.390642],
        "wireframe": false,
        "depthWrite": true,
        "DbgName": "Material.001"
    }],
    "name": "PlaneGeometry.5",
    "faces": [3,0,2,3,1,0,3,4,0,1,5,0,3,1,6,7,5,0,3,6,8,9,7,0,3,6,10,11,8,0,3,10,12,13,11,0,3,10,14,15,12,0,3,14,16,17,15,0,3,24,19,37,42,0,3,21,20,38,39,0,3,32,28,46,50,0,3,26,29,47,44,0,3,23,25,43,41,0,3,27,26,44,45,0,3,22,23,41,40,0,3,30,33,51,48,0,3,0,4,22,18,0,3,7,9,27,25,0,3,16,14,32,34,0,3,2,0,18,20,0,3,17,16,34,35,0,3,9,8,26,27,0,3,13,12,30,31,0,3,12,15,33,30,0,3,4,5,23,22,0,3,5,7,25,23,0,3,8,11,29,26,0,3,10,6,24,28,0,3,14,10,28,32,0,3,3,2,20,21,0,3,1,3,21,19,0,3,6,1,19,24,0,3,11,13,31,29,0,3,15,17,35,33,0,3,36,37,39,38,0,3,37,36,40,41,0,3,37,41,43,42,0,3,42,43,45,44,0,3,42,44,47,46,0,3,46,47,49,48,0,3,46,48,51,50,0,3,50,51,53,52,0,3,28,24,42,46,0,3,19,21,39,37,0,3,33,35,53,51,0,3,25,27,45,43,0,3,29,31,49,47,0,3,34,32,50,52,0,3,20,18,36,38,0,3,18,22,40,36,0,3,31,30,48,49,0,3,35,34,52,53,0],
    "metadata": {
        "vertices": 54,
        "type": "Geometry",
        "version": 3,
        "generator": "io_three",
        "faces": 52,
        "materials": 1
    }
}